[
  {
    "id": "30448070",
    "name": "弗拉塔 冰袋",
    "image": "https://www.ikea.cn/cn/zh/images/products/frakta-fu-la-ta-bing-dai-lan-se__0783599_PE761538_S4.JPG",
    "price": 12.9
  },
  {
    "id": "80482028",
    "name": "卢盖 袋",
    "image": "https://www.ikea.cn/cn/zh/images/products/plugghast-lu-gai-dai-lan-se__0976650_PE814164_S4.JPG",
    "price": 29.9
  },
  {
    "id": "30482035",
    "name": "卢盖 储物袋",
    "image": "https://www.ikea.cn/cn/zh/images/products/plugghast-lu-gai-chu-wu-dai__0976670_PE814174_S4.JPG",
    "price": 19.9
  },
  {
    "id": "60355408",
    "name": "凯卡拉 冰袋",
    "image": "https://www.ikea.cn/cn/zh/images/products/kylklamp-kai-ka-la-bing-dai-bai-se__0530797_PE646935_S4.JPG",
    "price": 4.9
  },
  {
    "id": "80487163",
    "name": "斯塔缇 背包，带滚轮",
    "image": "https://www.ikea.cn/cn/zh/images/products/starttid-si-ta-ti-bei-bao-dai-gun-lun-lan-se__0976468_PE813240_S4.JPG",
    "price": 399
  },
  {
    "id": "80488742",
    "name": "斯塔缇 铅笔盒",
    "image": "https://www.ikea.cn/cn/zh/images/products/starttid-si-ta-ti-qian-bi-he-lan-se__0976469_PE813241_S4.JPG",
    "price": 14.9
  },
  {
    "id": "90148605",
    "name": "凯斯卡 冰袋",
    "image": "https://www.ikea.cn/cn/zh/images/products/kylvaska-kai-si-ka-bing-dai-lu-se__0446764_PE596818_S4.JPG",
    "price": 25
  }
]