[
  {
    "id": "40441412",
    "name": "维尔登斯 背包",
    "image": "https://www.ikea.cn/cn/zh/images/products/varldens-wei-er-deng-si-bei-bao-lan-se__0815696_PE773016_S4.JPG",
    "price": 249
  },
  {
    "id": "00484941",
    "name": "皮夫凌 背包",
    "image": "https://www.ikea.cn/cn/zh/images/products/pivring-pi-fu-ling-bei-bao-hui-se__0976010_PE812945_S4.JPG",
    "price": 14.9
  },
  {
    "id": "80470412",
    "name": "特瑞拉 手提袋",
    "image": "https://www.ikea.cn/cn/zh/images/products/treblad-te-rui-la-shou-ti-dai-mi-huang-se__0872848_PE781617_S4.JPG",
    "price": 14.9
  },
  {
    "id": "30328181",
    "name": "福菲娜 旅行10件套",
    "image": "https://www.ikea.cn/cn/zh/images/products/forfina-fu-fei-nuo-lu-xing-jian-tao__0712237_PE728683_S4.JPG",
    "price": 39.9
  },
  {
    "id": "70372836",
    "name": "康福斯 网袋，两件套",
    "image": "https://www.ikea.cn/cn/zh/images/products/kungsfors-kang-fu-si-wang-dai-liang-jian-tao-mi-huang-se__0712561_PE728918_S4.JPG",
    "price": 39.9
  },
  {
    "id": "30446655",
    "name": "雷恩萨瑞 分隔式衣类收纳袋",
    "image": "https://www.ikea.cn/cn/zh/images/products/rensare-lei-en-sa-rui-fen-ge-shi-yi-lei-shou-na-dai-bai-se__0810376_PE771288_S4.JPG",
    "price": 19.9
  },
  {
    "id": "80473694",
    "name": "克纳拉 袋",
    "image": "https://www.ikea.cn/cn/zh/images/products/knalla-ke-na-la-dai-hei-se__0815749_PE773033_S4.JPG",
    "price": 14.9
  },
  {
    "id": "70441585",
    "name": "德姆塞克 化妆包",
    "image": "https://www.ikea.cn/cn/zh/images/products/dromsack-de-mu-sai-ke-hua-zhuang-bao__0810099_PE771236_S4.JPG",
    "price": 79
  },
  {
    "id": "20448301",
    "name": "德姆塞克 包",
    "image": "https://www.ikea.cn/cn/zh/images/products/dromsack-de-mu-sai-ke-bao__0815615_PE776339_S4.JPG",
    "price": 149
  },
  {
    "id": "90484885",
    "name": "斯塔缇 背包",
    "image": "https://www.ikea.cn/cn/zh/images/products/starttid-si-ta-ti-bei-bao-hui-se__0976464_PE813237_S4.JPG",
    "price": 99
  },
  {
    "id": "30386232",
    "name": "布鲁德里格 鞋袋",
    "image": "https://www.ikea.cn/cn/zh/images/products/broderlig-bu-lu-de-li-ge-xie-dai-hei-se__0532646_PE648180_S4.JPG",
    "price": 14.9
  },
  {
    "id": "40428774",
    "name": "克诺里格 袋",
    "image": "https://www.ikea.cn/cn/zh/images/products/knolig-ke-nuo-li-ge-dai-lan-se__0665713_PE713157_S4.JPG",
    "price": 4.9
  },
  {
    "id": "20460604",
    "name": "艾伯维克 眼罩",
    "image": "https://www.ikea.cn/cn/zh/images/products/abrovink-ai-bo-wei-ke-yan-zhao-bai-se__0759061_PE750251_S4.JPG",
    "price": 19.9
  },
  {
    "id": "40482030",
    "name": "雷恩萨瑞 防水袋",
    "image": "https://www.ikea.cn/cn/zh/images/products/rensare-lei-en-sa-rui-fang-shui-dai__0976287_PE813135_S4.JPG",
    "price": 14.9
  },
  {
    "id": "59875198",
    "name": "弗拉塔 推车旅行箱",
    "image": "https://www.ikea.cn/cn/zh/images/products/frakta-fu-la-ta-tui-che-lu-xing-xiang-lan-se__0095007_PE233175_S4.JPG",
    "price": 98.9
  },
  {
    "id": "40283422",
    "name": "克纳拉 雨衣",
    "image": "https://www.ikea.cn/cn/zh/images/products/knalla-ke-na-la-yu-yi-hei-se__0243419_PE382713_S4.JPG",
    "price": 79
  },
  {
    "id": "60299219",
    "name": "弗拉塔 编织袋，大",
    "image": "https://www.ikea.cn/cn/zh/images/products/frakta-fu-la-ta-bian-zhi-dai-da-lan-se__0711230_PE728075_S4.JPG",
    "price": 5
  },
  {
    "id": "20387270",
    "name": "布鲁德里格 收纳包，三件套",
    "image": "https://www.ikea.cn/cn/zh/images/products/broderlig-bu-lu-de-li-ge-shou-na-bao-san-jian-tao__0534692_PE649231_S4.JPG",
    "price": 9.9
  },
  {
    "id": "30467756",
    "name": "思库提格 袋",
    "image": "https://www.ikea.cn/cn/zh/images/products/skruttig-si-ku-ti-ge-dai-hei-se__0810648_PE771354_S4.JPG",
    "price": 7.9
  },
  {
    "id": "30485227",
    "name": "拉达布 带轮购物袋",
    "image": "https://www.ikea.cn/cn/zh/images/products/radarbulle-la-da-bu-dai-lun-gou-wu-dai-hei-se__0976029_PE812954_S4.JPG",
    "price": 199
  },
  {
    "id": "70432500",
    "name": "雷恩萨瑞 袋",
    "image": "https://www.ikea.cn/cn/zh/images/products/rensare-lei-en-sa-rui-dai-hei-se__0810364_PE771287_S4.JPG",
    "price": 9.9
  },
  {
    "id": "10493964",
    "name": "克纳拉 伞",
    "image": "https://www.ikea.cn/cn/zh/images/products/knalla-ke-na-la-san-bai-se__0976458_PE813233_S4.JPG",
    "price": 49
  },
  {
    "id": "30496259",
    "name": "爱洛文 挂锁",
    "image": "https://www.ikea.cn/cn/zh/images/products/elloven-ai-luo-wen-gua-suo-bai-se__0944450_PE797267_S4.JPG",
    "price": 19.9
  },
  {
    "id": "70281266",
    "name": "克纳拉 伞",
    "image": "https://www.ikea.cn/cn/zh/images/products/knalla-ke-na-la-san-hei-se__0711833_PE728511_S4.JPG",
    "price": 29.9
  },
  {
    "id": "90441301",
    "name": "德姆塞克 斜挎包",
    "image": "https://www.ikea.cn/cn/zh/images/products/dromsack-de-mu-sai-ke-xie-kua-bao__0810062_PE771235_S4.JPG",
    "price": 199
  }
]