[
  {
    "id": "60487913",
    "name": "维尔登斯 背包",
    "image": "https://www.ikea.cn/cn/zh/images/products/varldens-wei-er-deng-si-bei-bao-hei-se__0976472_PE813245_S4.JPG",
    "price": 249
  },
  {
    "id": "80484876",
    "name": "斯塔缇 背包",
    "image": "https://www.ikea.cn/cn/zh/images/products/starttid-si-ta-ti-bei-bao-hui-se__0976467_PE814916_S4.JPG",
    "price": 179
  },
  {
    "id": "00490517",
    "name": "维尔登斯 配件包",
    "image": "https://www.ikea.cn/cn/zh/images/products/varldens-wei-er-deng-si-pei-jian-bao-hei-se__0976471_PE813243_S4.JPG",
    "price": 14.9
  },
  {
    "id": "10487920",
    "name": "维尔登斯 旅行背包",
    "image": "https://www.ikea.cn/cn/zh/images/products/varldens-wei-er-deng-si-lu-xing-bei-bao-hei-se__0976478_PE813249_S4.JPG",
    "price": 299
  },
  {
    "id": "60433864",
    "name": "巴克格林 颈枕",
    "image": "https://www.ikea.cn/cn/zh/images/products/backglim-ba-ke-ge-lin-jing-zhen-hei-se__0520478_PE642191_S4.JPG",
    "price": 19.9
  },
  {
    "id": "80483565",
    "name": "莱克拉 折叠包",
    "image": "https://www.ikea.cn/cn/zh/images/products/rackla-lai-ke-la-zhe-die-bao-hei-se__0976427_PE813208_S4.JPG",
    "price": 79
  },
  {
    "id": "90487921",
    "name": "维尔登斯 健身背包",
    "image": "https://www.ikea.cn/cn/zh/images/products/varldens-wei-er-deng-si-jian-shen-bei-bao-hei-se__0976476_PE813248_S4.JPG",
    "price": 99
  },
  {
    "id": "00458145",
    "name": "德姆塞克 斜挎包",
    "image": "https://www.ikea.cn/cn/zh/images/products/dromsack-de-mu-sai-ke-xie-kua-bao-mi-huang-se__0810058_PE771232_S4.JPG",
    "price": 199
  },
  {
    "id": "00487925",
    "name": "维尔登斯 斜挎包",
    "image": "https://www.ikea.cn/cn/zh/images/products/varldens-wei-er-deng-si-xie-kua-bao-hei-se__0976474_PE813247_S4.JPG",
    "price": 79
  },
  {
    "id": "00489444",
    "name": "苏玛德里姆 冰包",
    "image": "https://www.ikea.cn/cn/zh/images/products/sommardrom-su-ma-de-li-mu-bing-bao__0956408_PE804647_S4.JPG",
    "price": 99
  },
  {
    "id": "10165547",
    "name": "弗拉塔 推车",
    "image": "https://www.ikea.cn/cn/zh/images/products/frakta-fu-la-ta-tui-che-lan-se__0717976_PE731412_S4.JPG",
    "price": 79
  },
  {
    "id": "20367502",
    "name": "斯塔缇 带轮行李箱",
    "image": "https://www.ikea.cn/cn/zh/images/products/starttid-si-ta-ti-dai-lun-xing-li-xiang__0711235_PE728080_S4.JPG",
    "price": 199
  },
  {
    "id": "20458154",
    "name": "德姆塞克 周末休闲包",
    "image": "https://www.ikea.cn/cn/zh/images/products/dromsack-de-mu-sai-ke-zhou-mo-xiu-xian-bao-mi-huang-se__0815621_PE772991_S4.JPG",
    "price": 399
  },
  {
    "id": "40301708",
    "name": "弗拉塔 搬运袋，中",
    "image": "https://www.ikea.cn/cn/zh/images/products/frakta-fu-la-ta-ban-yun-dai-zhong-lan-se__0711240_PE728085_S4.JPG",
    "price": 5
  },
  {
    "id": "40328166",
    "name": "弗伦拉 附轮背包",
    "image": "https://www.ikea.cn/cn/zh/images/products/forenkla-fu-lun-la-fu-lun-bei-bao-hui-se__0711232_PE728077_S4.JPG",
    "price": 599
  },
  {
    "id": "40448300",
    "name": "德姆塞克 背包",
    "image": "https://www.ikea.cn/cn/zh/images/products/dromsack-de-mu-sai-ke-bei-bao__0810050_PE771226_S4.JPG",
    "price": 299
  },
  {
    "id": "50328175",
    "name": "弗伦拉 附轮行李袋",
    "image": "https://www.ikea.cn/cn/zh/images/products/forenkla-fu-lun-la-fu-lun-xing-li-dai__0711227_PE728072_S4.JPG",
    "price": 699
  },
  {
    "id": "50487918",
    "name": "维尔登斯 旅行手提包",
    "image": "https://www.ikea.cn/cn/zh/images/products/varldens-wei-er-deng-si-lu-xing-shou-ti-bao-hei-se__0976479_PE813251_S4.JPG",
    "price": 179
  },
  {
    "id": "80328169",
    "name": "弗伦拉 附轮行李袋",
    "image": "https://www.ikea.cn/cn/zh/images/products/forenkla-fu-lun-la-fu-lun-xing-li-dai__0711243_PE728088_S4.JPG",
    "price": 699
  },
  {
    "id": "80441288",
    "name": "德姆塞克 背包",
    "image": "https://www.ikea.cn/cn/zh/images/products/dromsack-de-mu-sai-ke-bei-bao-mi-huang-se__0810046_PE771225_S4.JPG",
    "price": 299
  },
  {
    "id": "90441443",
    "name": "德姆塞克 周末休闲包",
    "image": "https://www.ikea.cn/cn/zh/images/products/dromsack-de-mu-sai-ke-zhou-mo-xiu-xian-bao__0815623_PE772993_S4.JPG",
    "price": 399
  },
  {
    "id": "40432506",
    "name": "雷恩萨瑞 衣类收纳袋，3件套",
    "image": "https://www.ikea.cn/cn/zh/images/products/rensare-lei-en-sa-rui-yi-lei-shou-na-dai-jian-tao__0810360_PE771286_S4.JPG",
    "price": 29.9
  },
  {
    "id": "10485638",
    "name": "艾弗特达 袋",
    "image": "https://www.ikea.cn/cn/zh/images/products/eftertrada-ai-fu-te-da-dai-bai-se__0915950_PE784933_S4.JPG",
    "price": 39.9
  },
  {
    "id": "40185474",
    "name": "布拉比 袋",
    "image": "https://www.ikea.cn/cn/zh/images/products/brattby-bu-la-bi-dai__0439474_PE592081_S4.JPG",
    "price": 3.5
  },
  {
    "id": "10485073",
    "name": "辛恩格 手提袋",
    "image": "https://www.ikea.cn/cn/zh/images/products/skynke-xin-en-ge-shou-ti-dai__0976460_PE813234_S4.JPG",
    "price": 7.9
  }
]